fold,test_samples,n_labeled,n_tol,n_tol_val,auc_roc,auc_pr,f1_macro,accuracy,tol_recall,tol_precision,tol_f1
1,"GSM5924031_ffpe_c_3, GSM5924033_ffpe_c_7, GSM5924039_ffpe_c_39, GSM5924042_frozen_a_1",471,59,0,0.5476797762053646,0.13666126738970755,0.49333046471600683,0.7876857749469215,0.1016949152542373,0.11320754716981132,0.10714285714285714
2,"GSM5924035_ffpe_c_20, GSM5924044_frozen_a_15, GSM5924051_frozen_c_5",43,8,10,0.6464285714285715,0.2701413292589763,0.543939393939394,0.6744186046511628,0.375,0.25,0.3
3,"GSM5924032_ffpe_c_4, GSM5924037_ffpe_c_34, GSM5924046_frozen_b_1",75,11,0,0.5014204545454546,0.16095497607151754,0.4444444444444444,0.8,0.0,0.0,0.0
4,"GSM5924030_ffpe_c_2, GSM5924036_ffpe_c_21, GSM5924048_frozen_b_13",130,40,5,0.523611111111111,0.3453491379255633,0.39814814814814814,0.6615384615384615,0.0,0.0,0.0
5,"GSM5924034_ffpe_c_10, GSM5924049_frozen_b_18, GSM5924050_frozen_c_2",71,4,48,0.3171641791044776,0.04921053241948764,0.4453125,0.8028169014084507,0.0,0.0,0.0
