fold,test_samples,n_labeled,n_tol,n_tol_val,auc_roc,auc_pr,f1_macro,accuracy,tol_recall,tol_precision,tol_f1
1,"GSM5924031_ffpe_c_3, GSM5924033_ffpe_c_7, GSM5924039_ffpe_c_39, GSM5924042_frozen_a_1",471,59,0,0.5213098568372553,0.1376500375939584,0.500067101811749,0.8152866242038217,0.0847457627118644,0.13157894736842105,0.10309278350515463
2,"GSM5924035_ffpe_c_20, GSM5924044_frozen_a_15, GSM5924051_frozen_c_5",43,8,10,0.6357142857142858,0.310103668261563,0.5558685446009389,0.7441860465116279,0.25,0.2857142857142857,0.26666666666666666
3,"GSM5924032_ffpe_c_4, GSM5924037_ffpe_c_34, GSM5924046_frozen_b_1",75,11,0,0.4247159090909091,0.14413851448610807,0.44029850746268656,0.7866666666666666,0.0,0.0,0.0
4,"GSM5924030_ffpe_c_2, GSM5924036_ffpe_c_21, GSM5924048_frozen_b_13",130,40,5,0.5825,0.3531170235420751,0.4063926940639269,0.6846153846153846,0.0,0.0,0.0
5,"GSM5924034_ffpe_c_10, GSM5924049_frozen_b_18, GSM5924050_frozen_c_2",71,4,48,0.5447761194029851,0.07922021481343515,0.4701492537313433,0.8873239436619719,0.0,0.0,0.0
