metric,mean,std,n_folds
auc_roc,0.541803234209087,0.07844388218093049,5
auc_pr,0.20484589173942794,0.11942152990023587,5
tol_recall,0.06694915254237288,0.10870935926463055,5
tol_precision,0.08345864661654134,0.12660859368194813,5
tol_f1,0.07395189003436427,0.11661348863197417,5
f1_macro,0.47455522033412895,0.057231498551594845,5
accuracy,0.7836157331318946,0.07603209135200277,5
