metric,mean,std,n_folds
auc_roc,0.5119535711612597,0.1442100024059517,5
auc_pr,0.2117275261461134,0.13914875151430764,5
tol_recall,0.1515331278890601,0.20703675455556186,5
tol_precision,0.1801240694789082,0.1527338220254296,5
tol_f1,0.14464646464646463,0.17832989334981647,5
f1_macro,0.5072555495380682,0.0841702658215876,5
accuracy,0.7801525544762332,0.08578382545185978,5
